,X,Y,nom,emplacements,com_insee,com_nom,Type,Type_détaillé,geometry,0
0,48.857735,2.3473518,Châtelet,,,,taxi,Taxi,POINT (48.85773468017578 2.3473517894744873),
1,48.837063,2.352284,Gobelins,,,,taxi,Taxi,POINT (48.83706283569336 2.3522839546203613),
2,48.8778,2.381247,Buttes Chaumont - Botzaris,,,,taxi,Taxi,POINT (48.87779998779297 2.381247043609619),
3,48.879765,2.3896246,Buttes-Chaumont - Botzaris,,,,taxi,Taxi,POINT (48.879764556884766 2.38962459564209),
4,48.88497,2.3694525,Flandre Stalingrad,,,,taxi,Taxi,POINT (48.884971618652344 2.369452476501465),
5,48.882736,2.3814654,Mairie du 19e,,,,taxi,Taxi,POINT (48.88273620605469 2.381465435028076),
6,48.877613,2.3709126,Place du Colonel Fabien,,,,taxi,Taxi,POINT (48.87761306762695 2.370912551879883),
7,48.898785,2.3864944,,,,,taxi,Taxi,POINT (48.89878463745117 2.3864943981170654),
8,48.864483,2.398224,Mairie du 20ème - Gambetta,,,,taxi,Taxi,POINT (48.86448287963867 2.398224115371704),
9,48.850174,2.34854,Maubert Mutualité,,,,taxi,Taxi,POINT (48.85017395019531 2.3485400676727295),
10,48.87397,2.3857925,Belleville-Pyrénées,,,,taxi,Taxi,POINT (48.87397003173828 2.3857924938201904),
11,48.86691,2.3833158,Ménilmontant-Belleville,,,,taxi,Taxi,POINT (48.86690902709961 2.3833158016204834),
12,48.864204,2.4090507,Porte de Bagnolet,,,,taxi,Taxi,POINT (48.86420440673828 2.409050703048706),
13,48.853737,2.411311,Porte de Montreuil,,,,taxi,Taxi,POINT (48.853736877441406 2.411310911178589),
14,48.830856,2.3770163,Bibliothèque François Mitterrand,,,,taxi,Taxi,POINT (48.83085632324219 2.377016305923462),
15,48.85673,2.3537614,Hôtel de Ville,,,,taxi,Taxi,POINT (48.85673141479492 2.3537614345550537),
16,48.84733,2.341296,Panthéon,,,,taxi,Taxi,POINT (48.847328186035156 2.3412959575653076),
17,48.867924,2.364695,République Temple,,,,taxi,Taxi,POINT (48.867923736572266 2.3646950721740723),
18,48.85263,2.3385336,Odéon,,,,taxi,Taxi,POINT (48.852630615234375 2.338533639907837),
19,48.86662,2.289973,Kléber - Boissières,,,,taxi,Taxi,POINT (48.86661911010742 2.289973020553589),
20,48.843143,2.3523173,Monge,,,,taxi,Taxi,POINT (48.843143463134766 2.3523173332214355),
21,48.849888,2.3550274,Tournelle,,,,taxi,Taxi,POINT (48.84988784790039 2.355027437210083),
22,48.85304,2.3353617,Mabillon,,,,taxi,Taxi,POINT (48.8530387878418 2.3353617191314697),
23,48.85052,2.3272579,Sèvres - Babylone,,,,taxi,Taxi,POINT (48.850521087646484 2.3272578716278076),
24,48.863426,2.3351781,Louvre,,,,taxi,Taxi,POINT (48.863426208496094 2.3351781368255615),
25,48.861717,2.3019278,Alma - Branly,,,,taxi,Taxi,POINT (48.861717224121094 2.3019278049468994),
26,48.8562,2.3259947,,,,,taxi,Taxi,POINT (48.856201171875 2.3259947299957275),
27,48.854176,2.306788,École Militaire,,,,taxi,Taxi,POINT (48.85417556762695 2.3067879676818848),
28,48.857903,2.31004,La Tour Maubourg - Invalides,,,,taxi,Taxi,POINT (48.85790252685547 2.31003999710083),
29,48.870594,2.323074,Madeleine,,,,taxi,Taxi,POINT (48.8705940246582 2.3230741024017334),
30,48.86505,2.3013406,Place de l'Alma,,,,taxi,Taxi,POINT (48.86505126953125 2.3013405799865723),
31,48.86986,2.3116803,Rond-Point des Champs-Élysées,,,,taxi,Taxi,POINT (48.8698616027832 2.311680316925049),
32,48.877754,2.298649,Place des Ternes,,,,taxi,Taxi,POINT (48.87775421142578 2.2986490726470947),
33,48.87442,2.32039,Saint-Augustin,,,,taxi,Taxi,POINT (48.874420166015625 2.320389986038208),
34,48.88321,2.3274672,Place De Clichy,,,,taxi,Taxi,POINT (48.883209228515625 2.327467203140259),
35,48.876564,2.3319333,Trinité - d'Estienne d'Orves,,,,taxi,Taxi,POINT (48.876564025878906 2.3319332599639893),
36,48.848286,2.3976698,Nation - Trône,,,,taxi,Taxi,POINT (48.84828567504883 2.397669792175293),
37,48.866745,2.3641367,Place de la République,,,,taxi,Taxi,POINT (48.86674499511719 2.3641366958618164),
38,48.858242,2.380013,Mairie du 11e - Léon Blum,,,,taxi,Taxi,POINT (48.85824203491211 2.3800129890441895),
39,48.855984,2.3910565,Philippe Auguste,,,,taxi,Taxi,POINT (48.85598373413086 2.391056537628174),
40,48.862053,2.3731873,Saint-Ambroise,,,,taxi,Taxi,POINT (48.86205291748047 2.373187303543091),
41,48.83998,2.3954916,Daumesnil - Felix Eboué,,,,taxi,Taxi,POINT (48.83998107910156 2.395491600036621),
42,48.8445,2.441106,Château de Vincennes,,,,taxi,Taxi,POINT (48.84450149536133 2.441106081008911),
43,48.832047,2.3861241,Cour Saint Emilion,,,,taxi,Taxi,POINT (48.83204650878906 2.3861241340637207),
44,48.841286,2.3878386,Mairie du 12e,,,,taxi,Taxi,POINT (48.841285705566406 2.38783860206604),
45,48.870506,2.332747,Opéra,,,,taxi,Taxi,POINT (48.870506286621094 2.332746982574463),
46,48.835438,2.4071753,Porte Dorée,,,,taxi,Taxi,POINT (48.8354377746582 2.407175302505493),
47,48.83256,2.3618636,Place d'Italie,,,,taxi,Taxi,POINT (48.83256149291992 2.361863613128662),
48,48.823643,2.3530302,Abbé Georges Hénocque,,,,taxi,Taxi,POINT (48.82364273071289 2.353030204772949),
49,48.827885,2.3709326,Rue De Patay,,,,taxi,Taxi,POINT (48.827884674072266 2.3709325790405273),
50,48.819206,2.359967,Porte d'Italie,,,,taxi,Taxi,POINT (48.81920623779297 2.359966993331909),
51,48.83477,2.332184,Denfert Rochereau,,,,taxi,Taxi,POINT (48.83477020263672 2.332184076309204),
52,48.82262,2.3256853,Porte d'Orléans,,,,taxi,Taxi,POINT (48.8226203918457 2.3256852626800537),
53,48.831657,2.3137114,Plaisance,,,,taxi,Taxi,POINT (48.83165740966797 2.313711404800415),
54,48.846825,2.2853346,Place Charles Michels,,,,taxi,Taxi,POINT (48.846824645996094 2.285334587097168),
55,48.83323,2.289047,Porte de Versailles,,,,taxi,Taxi,POINT (48.833229064941406 2.2890470027923584),
56,48.849365,2.2982056,La Motte-Picquet Grenelle,,,,taxi,Taxi,POINT (48.849365234375 2.298205614089966),
57,48.839878,2.302006,,,,,taxi,Taxi,POINT (48.83987808227539 2.3020060062408447),
58,48.844963,2.3117094,Sèvres–Lecourbe,,,,taxi,Taxi,POINT (48.84496307373047 2.311709403991699),
59,48.8581,2.27396,La Muette,,,,taxi,Taxi,POINT (48.85810089111328 2.2739601135253906),
60,48.837452,2.2575347,Porte de Saint-Cloud,,,,taxi,Taxi,POINT (48.83745193481445 2.2575347423553467),
61,48.86434,2.272589,Henri Martin,,,,taxi,Taxi,POINT (48.864341735839844 2.2725889682769775),
62,48.851265,2.2781107,Maison de la Radio,,,,taxi,Taxi,POINT (48.85126495361328 2.2781107425689697),
63,48.852295,2.2679684,Mozart Jasmin,,,,taxi,Taxi,POINT (48.852294921875 2.2679684162139893),
64,48.869766,2.2857978,Place Victor Hugo,,,,taxi,Taxi,POINT (48.86976623535156 2.2857978343963623),
65,48.86959,2.2848365,,,,,taxi,Taxi,POINT (48.869590759277344 2.284836530685425),
66,48.847652,2.2597456,Porte d'Auteuil,,,,taxi,Taxi,POINT (48.847652435302734 2.2597455978393555),
67,48.85532,2.3603752,Saint-Paul,,,,taxi,Taxi,POINT (48.85531997680664 2.360375165939331),
68,48.85871,2.284975,,,,,taxi,Taxi,POINT (48.85871124267578 2.284975051879883),
69,48.863403,2.286332,Trocadéro,,,,taxi,Taxi,POINT (48.8634033203125 2.28633189201355),
70,48.887177,2.3042595,Etoile - Wagram,,,,taxi,Taxi,POINT (48.887176513671875 2.3042595386505127),
71,48.884476,2.2976487,Maréchal Juin,,,,taxi,Taxi,POINT (48.88447570800781 2.2976486682891846),
72,48.879314,2.303365,Courcelles Chazelle,,,,taxi,Taxi,POINT (48.87931442260742 2.3033649921417236),
73,48.885452,2.291518,Porte de Champeret,,,,taxi,Taxi,POINT (48.88545227050781 2.291517972946167),
74,48.853615,2.3446186,Place Saint-Michel,,,,taxi,Taxi,POINT (48.853614807128906 2.344618558883667),
75,48.89797,2.3288805,Porte de Saint Ouen,,,,taxi,Taxi,POINT (48.89796829223633 2.328880548477173),
76,48.881527,2.3150623,Villiers - Courcelles,,,,taxi,Taxi,POINT (48.881526947021484 2.3150622844696045),
77,48.892506,2.3450966,Mairie du 18ème,,,,taxi,Taxi,POINT (48.89250564575195 2.3450965881347656),
78,48.89261,2.3274105,,,,,taxi,Taxi,POINT (48.892608642578125 2.3274104595184326),
79,48.899235,2.3701618,Porte d'Aubervilliers,,,,taxi,Taxi,POINT (48.899234771728516 2.370161771774292),
80,48.898144,2.3591845,Porte de la Chapelle,,,,taxi,Taxi,POINT (48.89814376831055 2.359184503555298),
81,49.022785,2.3632448,,,,,taxi,Taxi,POINT (49.02278518676758 2.3632447719573975),
82,48.807518,2.040498,,,,,taxi,Taxi,POINT (48.807518005371094 2.0404980182647705),
83,48.814873,2.422382,,,,,taxi,Taxi,POINT (48.81487274169922 2.422382116317749),
84,49.11468,2.209734,,,,,taxi,Taxi,POINT (49.114681243896484 2.2097339630126953),
85,49.09232,2.2022712,,,,,taxi,Taxi,POINT (49.09231948852539 2.2022712230682373),
86,48.972805,2.3067188,,,,,taxi,Taxi,POINT (48.97280502319336 2.3067188262939453),
87,48.995415,2.3687613,,,,,taxi,Taxi,POINT (48.99541473388672 2.3687613010406494),
88,49.0981,2.361616,,,,,taxi,Taxi,POINT (49.09809875488281 2.3616158962249756),
89,48.8301,2.2312207,,,,,taxi,Taxi,POINT (48.830101013183594 2.2312207221984863),
90,48.878002,2.3781295,,,,,taxi,Taxi,POINT (48.87800216674805 2.378129482269287),
91,48.887398,2.349216,Borne taxi rue Custine,,,,taxi,Taxi,POINT (48.88739776611328 2.3492159843444824),
92,48.94567,2.1439147,,,,,taxi,Taxi,POINT (48.94567108154297 2.1439146995544434),
93,48.852787,2.4060423,,,,,taxi,Taxi,POINT (48.852787017822266 2.4060423374176025),
94,48.892246,2.2878444,,,,,taxi,Taxi,POINT (48.89224624633789 2.28784441947937),
95,48.876423,2.3592622,,,,,taxi,Taxi,POINT (48.87642288208008 2.359262228012085),
96,48.866306,2.3244457,Concorde,,,,taxi,Taxi,POINT (48.86630630493164 2.3244457244873047),
97,48.865578,2.3559318,,,,,taxi,Taxi,POINT (48.865577697753906 2.3559317588806152),
98,48.84736,2.3122933,,,,,taxi,Taxi,POINT (48.84735870361328 2.312293291091919),
99,48.87662,2.3392718,,,,,taxi,Taxi,POINT (48.87662124633789 2.3392717838287354),
100,48.883255,2.3471916,,,,,taxi,Taxi,POINT (48.88325500488281 2.347191572189331),
101,48.84604,2.3780825,,,,,taxi,Taxi,POINT (48.846038818359375 2.378082513809204),
102,48.92365,2.2523532,,,,,taxi,Taxi,POINT (48.923648834228516 2.2523531913757324),
103,48.78705,2.0456548,Station de taxi,,,,taxi,Taxi,POINT (48.78704833984375 2.045654773712158),
104,48.794353,2.3488004,,,,,taxi,Taxi,POINT (48.79435348510742 2.3488004207611084),
105,48.84386,2.61609,,3.0,,,taxi,Taxi,POINT (48.8438606262207 2.6160900592803955),
106,48.838375,2.3607824,,,,,taxi,Taxi,POINT (48.838375091552734 2.3607823848724365),
107,48.867897,2.224344,,,,,taxi,Taxi,POINT (48.867897033691406 2.22434401512146),
108,48.843224,2.4013484,,,,,taxi,Taxi,POINT (48.843223571777344 2.401348352432251),
109,48.77109,2.5083601,,,,,taxi,Taxi,POINT (48.77109146118164 2.5083601474761963),
110,48.989822,1.7034647,,,,,taxi,Taxi,POINT (48.98982238769531 1.7034647464752197),
111,48.896008,2.2514489,Hôtel Mercure,,,,taxi,Taxi,POINT (48.8960075378418 2.2514488697052),
112,48.82411,2.2735999,,,,,taxi,Taxi,POINT (48.8241081237793 2.273599863052368),
113,48.842953,2.3751857,,,,,taxi,Taxi,POINT (48.842952728271484 2.37518572807312),
114,48.87096,2.7834885,Marne la Vallee - Chessy,,,,taxi,Taxi,POINT (48.8709602355957 2.7834885120391846),
115,48.859737,2.3466694,,,,,taxi,Taxi,POINT (48.859737396240234 2.3466694355010986),
116,48.86063,2.3466022,,,,,taxi,Taxi,POINT (48.86063003540039 2.346602201461792),
117,48.9803,2.180576,,,,,taxi,Taxi,POINT (48.98030090332031 2.1805760860443115),
118,48.828728,2.1172006,,,,,taxi,Taxi,POINT (48.82872772216797 2.1172006130218506),
119,48.95698,2.8739774,Gare de Meaux,,,,taxi,Taxi,POINT (48.95698165893555 2.8739774227142334),
120,48.850292,2.3928947,,,,,taxi,Taxi,POINT (48.85029220581055 2.392894744873047),
121,48.871506,2.3426368,,,,,taxi,Taxi,POINT (48.87150573730469 2.342636823654175),
122,48.872158,2.339478,Drouot,,,,taxi,Taxi,POINT (48.87215805053711 2.339478015899658),
123,48.737373,2.5543816,,,,,taxi,Taxi,POINT (48.73737335205078 2.5543816089630127),
124,48.853848,2.3325262,Saint-Germain des Prés,,,,taxi,Taxi,POINT (48.85384750366211 2.332526206970215),
125,48.857494,2.5309744,,,,,taxi,Taxi,POINT (48.85749435424805 2.5309743881225586),
126,48.829235,2.1176383,,,,,taxi,Taxi,POINT (48.8292350769043 2.117638349533081),
127,48.893776,2.3363457,,,,,taxi,Taxi,POINT (48.893775939941406 2.336345672607422),
128,48.83918,2.3825586,,,,,taxi,Taxi,POINT (48.83917999267578 2.382558584213257),
129,48.805668,2.6186843,,,,,taxi,Taxi,POINT (48.805667877197266 2.6186842918395996),
130,48.867214,2.3065357,,,,,taxi,Taxi,POINT (48.86721420288086 2.3065357208251953),
131,48.862583,2.3147273,Gare des Invalides,,,,taxi,Taxi,POINT (48.86258316040039 2.314727306365967),
132,48.85383,2.3129406,Place Vauban,,,,taxi,Taxi,POINT (48.85382843017578 2.3129405975341797),
133,48.86999,2.301417,,,,,taxi,Taxi,POINT (48.869991302490234 2.301417112350464),
134,48.871315,2.3009696,,,,,taxi,Taxi,POINT (48.871315002441406 2.3009696006774902),
135,48.875526,2.32548,,,,,taxi,Taxi,POINT (48.875526428222656 2.3254799842834473),
136,48.7665,2.0792599,,,,,taxi,Taxi,POINT (48.76649856567383 2.0792598724365234),
137,48.863052,2.3526294,,,,,taxi,Taxi,POINT (48.86305236816406 2.3526294231414795),
138,48.755257,2.30157,,,,,taxi,Taxi,POINT (48.75525665283203 2.301569938659668),
139,48.846245,2.3767507,,,,,taxi,Taxi,POINT (48.84624481201172 2.3767507076263428),
140,48.87018,2.370779,,,,,taxi,Taxi,POINT (48.87017822265625 2.370779037475586),
141,48.94825,2.436982,,,,,taxi,Taxi,POINT (48.94824981689453 2.4369819164276123),
142,48.86826,2.401554,,,,,taxi,Taxi,POINT (48.86825942993164 2.4015541076660156),
143,48.8313,2.2669816,,,,,taxi,Taxi,POINT (48.831298828125 2.266981601715088),
144,48.825783,2.3469176,,,,,taxi,Taxi,POINT (48.825782775878906 2.3469176292419434),
145,48.68044,2.532177,,,,,taxi,Taxi,POINT (48.68043899536133 2.532176971435547),
146,48.72585,2.2618196,,,,,taxi,Taxi,POINT (48.72584915161133 2.26181960105896),
147,48.82847,2.3264399,Alésia,,,,taxi,Taxi,POINT (48.828468322753906 2.32643985748291),
148,48.564922,2.290715,Taxi Marolles,,,,taxi,Taxi,POINT (48.56492233276367 2.290714979171753),
149,48.867943,2.3620076,,,,,taxi,Taxi,POINT (48.867942810058594 2.3620076179504395),
150,48.58631,2.240929,,,,,taxi,Taxi,POINT (48.58631134033203 2.240928888320923),
151,48.86066,2.3260608,,,,,taxi,Taxi,POINT (48.860660552978516 2.3260607719421387),
152,49.013233,2.252226,Rue de Paris,,,,taxi,Taxi,POINT (49.01323318481445 2.2522261142730713),
153,48.84953,2.337204,,,,,taxi,Taxi,POINT (48.84952926635742 2.3372039794921875),
154,48.852135,2.3393495,Odéon,,,,taxi,Taxi,POINT (48.852134704589844 2.3393495082855225),
155,48.87727,2.3269491,,,,,taxi,Taxi,POINT (48.87726974487305 2.326949119567871),
156,48.831184,2.3539944,Place d'Italie,,,,taxi,Taxi,POINT (48.83118438720703 2.353994369506836),
157,48.884693,2.3795881,,,,,taxi,Taxi,POINT (48.88469314575195 2.3795881271362305),
158,48.830616,2.2924113,,,,,taxi,Taxi,POINT (48.83061599731445 2.2924113273620605),
159,48.840305,2.5513618,,,,,taxi,Taxi,POINT (48.84030532836914 2.5513617992401123),
160,48.73973,2.425869,,,,,taxi,Taxi,POINT (48.73973083496094 2.4258689880371094),
161,48.59166,2.2678797,,,,,taxi,Taxi,POINT (48.59165954589844 2.2678797245025635),
162,48.82872,2.2632551,,,,,taxi,Taxi,POINT (48.82872009277344 2.2632551193237305),
163,48.676056,2.3516374,,,,,taxi,Taxi,POINT (48.676055908203125 2.351637363433838),
164,48.943,2.1274118,,2.0,,,taxi,Taxi,POINT (48.94300079345703 2.1274118423461914),
165,48.880283,2.181256,,,,,taxi,Taxi,POINT (48.88028335571289 2.181256055831909),
166,48.994446,2.4162116,Gare de Villliers-le-Bel,3.0,,,taxi,Taxi,POINT (48.99444580078125 2.4162116050720215),
167,49.01769,2.0909555,,,,,taxi,Taxi,POINT (49.0176887512207 2.0909554958343506),
168,48.86094,2.3454068,,,,,taxi,Taxi,POINT (48.860939025878906 2.3454067707061768),
169,48.70478,2.1911662,,,,,taxi,Taxi,POINT (48.70478057861328 2.1911661624908447),
170,48.945637,2.6889277,,,,,taxi,Taxi,POINT (48.94563674926758 2.68892765045166),
171,48.61365,2.4737132,,,,,taxi,Taxi,POINT (48.613651275634766 2.4737131595611572),
172,48.26835,2.685848,,4.0,,,taxi,Taxi,POINT (48.268348693847656 2.6858479976654053),
173,48.442966,2.760231,,,,,taxi,Taxi,POINT (48.44296646118164 2.7602310180664062),
174,48.378384,2.7997365,,,,,taxi,Taxi,POINT (48.37838363647461 2.799736499786377),
175,48.85919,2.9057214,Gare de Crécy-la-Chapelle,,,,taxi,Taxi,POINT (48.85919189453125 2.905721426010132),
176,48.805115,2.1884208,,,,,taxi,Taxi,POINT (48.80511474609375 2.1884207725524902),
177,48.775055,2.0062144,,,,,taxi,Taxi,POINT (48.775054931640625 2.0062143802642822),
178,48.8382,2.1864896,,,,,taxi,Taxi,POINT (48.838199615478516 2.1864895820617676),
179,48.837093,2.1525905,,2.0,,,taxi,Taxi,POINT (48.837093353271484 2.15259051322937),
180,48.628605,2.5707128,,,,,taxi,Taxi,POINT (48.628604888916016 2.5707128047943115),
181,48.707916,2.462205,,,,,taxi,Taxi,POINT (48.707916259765625 2.462204933166504),
182,48.55582,3.3035572,,2.0,,,taxi,Taxi,POINT (48.55582046508789 3.3035571575164795),
183,48.85926,1.8755717,Gare de Beynes,,,,taxi,Taxi,POINT (48.85926055908203 1.8755717277526855),
184,48.8644,2.3303564,,,,,taxi,Taxi,POINT (48.86439895629883 2.3303563594818115),
185,48.513454,3.249864,,,,,taxi,Taxi,POINT (48.51345443725586 3.249864101409912),
186,48.82686,1.702797,,,,,taxi,Taxi,POINT (48.82685852050781 1.7027970552444458),
187,49.116993,2.3682485,,,,,taxi,Taxi,POINT (49.11699295043945 2.368248462677002),
188,48.810738,1.7646405,,4.0,,,taxi,Taxi,POINT (48.81073760986328 1.7646404504776),
189,49.032623,2.337536,,,,,taxi,Taxi,POINT (49.032623291015625 2.337536096572876),
190,48.953392,2.602366,,,,,taxi,Taxi,POINT (48.953392028808594 2.6023659706115723),
191,48.97628,2.3912122,,,,,taxi,Taxi,POINT (48.976280212402344 2.391212224960327),
192,48.984787,2.3533862,,,,,taxi,Taxi,POINT (48.98478698730469 2.353386163711548),
193,49.032246,2.6983123,,,,,taxi,Taxi,POINT (49.03224563598633 2.698312282562256),
194,48.902874,2.0733645,,,,,taxi,Taxi,POINT (48.90287399291992 2.073364496231079),
195,49.16238,1.9365866,Gare de Chars,,,,taxi,Taxi,POINT (49.16238021850586 1.936586618423462),
196,49.06273,2.0578477,,,,,taxi,Taxi,POINT (49.06272888183594 2.057847738265991),
197,48.943317,1.5420945,,,,,taxi,Taxi,POINT (48.94331741333008 1.5420944690704346),
198,48.971714,1.8484771,,,,,taxi,Taxi,POINT (48.97171401977539 1.8484771251678467),
199,48.70802,2.414017,,,,,taxi,Taxi,POINT (48.7080192565918 2.4140169620513916),
200,48.706707,2.483007,,,,,taxi,Taxi,POINT (48.70670700073242 2.4830069541931152),
201,48.883076,2.5264435,,,,,taxi,Taxi,POINT (48.88307571411133 2.5264434814453125),
202,48.88924,2.511256,,,,,taxi,Taxi,POINT (48.88924026489258 2.511255979537964),
203,48.89517,2.0702956,,,,,taxi,Taxi,POINT (48.89516830444336 2.070295572280884),
204,48.841385,2.062022,,,,,taxi,Taxi,POINT (48.84138488769531 2.0620219707489014),
205,49.00557,1.9019617,,3.0,,,taxi,Taxi,POINT (49.00556945800781 1.9019616842269897),
206,48.974644,2.0492156,,,,,taxi,Taxi,POINT (48.97464370727539 2.04921555519104),
207,48.992542,1.8458949,,,,,taxi,Taxi,POINT (48.9925422668457 1.8458949327468872),
208,48.988377,1.7031758,,5.0,,,taxi,Taxi,POINT (48.98837661743164 1.7031757831573486),
209,48.75295,2.5055716,Boissy-Saint-Léger RER,,,,taxi,Taxi,POINT (48.75294876098633 2.5055716037750244),
210,49.066185,2.3223276,Gare de Montsoult - Maffliers,,,,taxi,Taxi,POINT (49.066184997558594 2.3223276138305664),
211,48.90663,2.4496057,,,,,taxi,Taxi,POINT (48.90663146972656 2.449605703353882),
212,48.795616,2.6497066,,,,,taxi,Taxi,POINT (48.795616149902344 2.6497066020965576),
213,49.147877,2.2792192,,,,,taxi,Taxi,POINT (49.14787673950195 2.279219150543213),
214,49.02535,2.221988,,2.0,,,taxi,Taxi,POINT (49.02534866333008 2.2219879627227783),
215,48.88916,2.3938038,,,,,taxi,Taxi,POINT (48.88916015625 2.393803834915161),
216,48.946945,2.5237875,,,,,taxi,Taxi,POINT (48.94694519042969 2.523787498474121),
217,48.93141,2.4940338,,,,,taxi,Taxi,POINT (48.93141174316406 2.4940338134765625),
218,48.80675,2.1517758,,,,,taxi,Taxi,POINT (48.8067512512207 2.15177583694458),
219,48.827213,2.2005515,Gare de Sèvres Ville-d'Avray,,,,taxi,Taxi,POINT (48.827213287353516 2.2005515098571777),
220,48.799965,2.128471,,,,,taxi,Taxi,POINT (48.799964904785156 2.1284708976745605),
221,49.00088,1.6313415,,,,,taxi,Taxi,POINT (49.00088119506836 1.6313414573669434),
222,48.86809,2.3299623,Vendôme,,,,taxi,Taxi,POINT (48.86809158325195 2.3299622535705566),
223,48.869198,2.3546295,Strasbourg Saint-Denis,,,,taxi,Taxi,POINT (48.869197845458984 2.3546295166015625),
224,48.86593,2.3408573,Victoires,,,,taxi,Taxi,POINT (48.865928649902344 2.3408572673797607),
225,48.866257,2.3612125,Temple,,,,taxi,Taxi,POINT (48.86625671386719 2.3612124919891357),
226,48.84347,2.3236015,Gare Montparnasse,,,,taxi,Taxi,POINT (48.84347152709961 2.323601484298706),
227,48.840218,2.3365314,Port Royal,,,,taxi,Taxi,POINT (48.84021759033203 2.336531400680542),
228,48.851208,2.3331635,Saint-Sulpice,,,,taxi,Taxi,POINT (48.8512077331543 2.3331634998321533),
229,48.75551,1.9430878,,8.0,,,taxi,Taxi,POINT (48.75550842285156 1.9430878162384033),
230,48.838867,2.3823526,,,,,taxi,Taxi,POINT (48.8388671875 2.382352590560913),
231,48.83324,2.3329284,,,,,taxi,Taxi,POINT (48.8332405090332 2.332928419113159),
232,48.851505,2.3430786,,,,,taxi,Taxi,POINT (48.851505279541016 2.34307861328125),
233,48.831203,2.356553,,,,,taxi,Taxi,POINT (48.83120346069336 2.356553077697754),
234,48.732403,2.628566,,,,,taxi,Taxi,POINT (48.73240280151367 2.628566026687622),
235,48.881035,2.354048,,,,,taxi,Taxi,POINT (48.88103485107422 2.354048013687134),
236,48.879578,2.3490326,,,,,taxi,Taxi,POINT (48.87957763671875 2.3490326404571533),
237,48.838303,2.3198338,,,,,taxi,Taxi,POINT (48.83830261230469 2.319833755493164),
238,48.86746,2.3471327,,2.0,,,taxi,Taxi,POINT (48.86745834350586 2.347132682800293),
239,48.83127,2.3876593,,,,,taxi,Taxi,POINT (48.831268310546875 2.3876593112945557),
240,48.937332,2.3499646,,,,,taxi,Taxi,POINT (48.93733215332031 2.3499646186828613),
241,48.8206,2.2911096,,,,,taxi,Taxi,POINT (48.82059860229492 2.291109561920166),
242,48.864796,2.2065854,,,,,taxi,Taxi,POINT (48.86479568481445 2.20658540725708),
243,48.89575,2.2240283,,,,,taxi,Taxi,POINT (48.895748138427734 2.2240283489227295),
244,48.8587,2.3420105,,,,,taxi,Taxi,POINT (48.858699798583984 2.342010498046875),
245,48.980183,2.2715764,,,,,taxi,Taxi,POINT (48.98018264770508 2.271576404571533),
246,48.87734,2.2845223,,,,,taxi,Taxi,POINT (48.87733840942383 2.284522294998169),
247,48.51525,2.636353,,,,,taxi,Taxi,POINT (48.51525115966797 2.636353015899658),
248,48.93793,2.1580243,,,,,taxi,Taxi,POINT (48.937931060791016 2.158024311065674),
249,48.849907,2.2830749,,,,,taxi,Taxi,POINT (48.84990692138672 2.2830748558044434),
250,48.84573,2.313213,,,,,taxi,Taxi,POINT (48.84572982788086 2.3132131099700928),
251,48.8784,2.2841434,,,,,taxi,Taxi,POINT (48.87839889526367 2.2841434478759766),
252,48.86549,2.3564656,,,,,taxi,Taxi,POINT (48.8654899597168 2.3564655780792236),
253,48.87695,2.3609343,,,,,taxi,Taxi,POINT (48.876949310302734 2.360934257507324),
254,48.87713,2.3579595,,,,,taxi,Taxi,POINT (48.87712860107422 2.357959508895874),
255,48.838295,2.315268,,,,,taxi,Taxi,POINT (48.838294982910156 2.315268039703369),
256,48.796173,2.1361027,,,,,taxi,Taxi,POINT (48.796173095703125 2.1361026763916016),
257,48.73007,2.4458406,,,,,taxi,Taxi,POINT (48.73006820678711 2.44584059715271),
258,48.887726,2.1732993,,,,,taxi,Taxi,POINT (48.887725830078125 2.1732993125915527),
259,48.964,2.2854722,,,,,taxi,Taxi,POINT (48.9640007019043 2.2854721546173096),
260,48.898113,2.0944884,,,,,taxi,Taxi,POINT (48.89811325073242 2.0944883823394775),
261,49.00948,2.5615363,,,,,taxi,Taxi,POINT (49.00947952270508 2.5615363121032715),
262,48.84761,2.3528502,,,,,taxi,Taxi,POINT (48.84761047363281 2.3528501987457275),
263,48.87911,2.29098,,,,,taxi,Taxi,POINT (48.87910842895508 2.290980100631714),
264,48.85063,2.3843124,Hôpital Saint Antoine,,,,taxi,Taxi,POINT (48.85063171386719 2.384312391281128),
265,48.87537,2.314974,,,,,taxi,Taxi,POINT (48.875370025634766 2.314974069595337),
266,48.821785,2.414139,,,,,taxi,Taxi,POINT (48.82178497314453 2.4141390323638916),
267,49.015015,2.5411086,,,,,taxi,Taxi,POINT (49.0150146484375 2.5411086082458496),
268,48.836372,2.709685,,,,,taxi,Taxi,POINT (48.83637237548828 2.7096850872039795),
269,48.87249,2.3370347,,,,,taxi,Taxi,POINT (48.87248992919922 2.3370347023010254),
270,48.836094,2.4719927,,,,,taxi,Taxi,POINT (48.83609390258789 2.4719927310943604),
271,48.846775,2.4173567,,,,,taxi,Taxi,POINT (48.84677505493164 2.4173567295074463),
272,49.01575,2.2426484,,,,,taxi,Taxi,POINT (49.015750885009766 2.2426483631134033),
273,48.845345,2.3736176,,,,,taxi,Taxi,POINT (48.84534454345703 2.373617649078369),
274,48.877182,2.3114042,Place Rio de Janeiro,,,,taxi,Taxi,POINT (48.87718200683594 2.311404228210449),
275,48.893417,2.2732441,,,,,taxi,Taxi,POINT (48.89341735839844 2.2732441425323486),
276,49.05,2.0327818,,,,,taxi,Taxi,POINT (49.04999923706055 2.0327818393707275),
277,48.86902,2.339809,,,,,taxi,Taxi,POINT (48.8690185546875 2.339808940887451),
278,48.858665,2.2932222,,,,,taxi,Taxi,POINT (48.858665466308594 2.293222188949585),
279,48.89774,2.280305,,,,,taxi,Taxi,POINT (48.89773941040039 2.2803049087524414),
280,48.866863,2.2788565,,,,,taxi,Taxi,POINT (48.86686325073242 2.2788565158843994),
281,48.698666,2.5065417,Gare de Brunoy,,,,taxi,Taxi,POINT (48.698665618896484 2.5065417289733887),
282,48.908302,2.3075895,,,,,taxi,Taxi,POINT (48.908302307128906 2.307589530944824),
283,48.825935,2.3457806,Les Taxis Parisiens,,,,taxi,Taxi,POINT (48.82593536376953 2.345780611038208),
284,48.84237,2.320853,,,,,taxi,Taxi,POINT (48.842369079589844 2.3208529949188232),
285,48.842415,2.4052198,,,,,taxi,Taxi,POINT (48.84241485595703 2.405219793319702),
286,48.874664,2.6399562,,,,,taxi,Taxi,POINT (48.874664306640625 2.63995623588562),
287,49.003628,2.5713925,,,,,taxi,Taxi,POINT (49.00362777709961 2.57139253616333),
288,48.84488,2.3727317,,,,,taxi,Taxi,POINT (48.844879150390625 2.3727316856384277),
289,48.973118,2.5134478,,,,,taxi,Taxi,POINT (48.97311782836914 2.5134477615356445),
290,48.90109,2.3772888,,,,,taxi,Taxi,POINT (48.90108871459961 2.377288818359375),
291,48.702908,2.0708735,,,,,taxi,Taxi,POINT (48.70290756225586 2.070873498916626),
292,48.97554,2.6423938,,,,,taxi,Taxi,POINT (48.97554016113281 2.6423938274383545),
293,48.893295,2.2384245,,,,,taxi,Taxi,POINT (48.89329528808594 2.23842453956604),
294,48.43649,2.1593745,,,,,taxi,Taxi,POINT (48.43648910522461 2.159374475479126),
295,48.91216,2.3343,,,,,taxi,Taxi,POINT (48.91215896606445 2.3343000411987305),
296,48.96987,2.0771222,,,,,taxi,Taxi,POINT (48.969871520996094 2.077122211456299),
297,48.434864,2.3765228,,,,,taxi,Taxi,POINT (48.43486404418945 2.3765227794647217),
298,48.95056,3.1254828,,,,,taxi,Taxi,POINT (48.9505615234375 3.1254827976226807),
299,48.606358,2.3023672,,,,,taxi,Taxi,POINT (48.60635757446289 2.3023672103881836),
300,48.533413,2.0098898,,,,,taxi,Taxi,POINT (48.53341293334961 2.009889841079712),
301,48.890373,2.3200288,,,,,taxi,Taxi,POINT (48.89037322998047 2.320028781890869),
302,48.870533,2.3048446,,,,,taxi,Taxi,POINT (48.87053298950195 2.304844617843628),
303,48.427887,2.145235,Allô Taxi Étampes,,,,taxi,Taxi,POINT (48.427886962890625 2.145235061645508),
304,48.83934,2.633801,,,,,taxi,Taxi,POINT (48.83934020996094 2.633800983428955),
305,48.853043,2.4868283,,,,,taxi,Taxi,POINT (48.85304260253906 2.486828327178955),
306,49.04764,2.0102475,,,,,taxi,Taxi,POINT (49.04764175415039 2.0102474689483643),
307,48.88976,2.2374249,,,,,taxi,Taxi,POINT (48.8897590637207 2.237424850463867),
308,48.520546,2.2557273,,,,,taxi,Taxi,POINT (48.520545959472656 2.2557272911071777),
309,48.68914,2.3838136,,,,,taxi,Taxi,POINT (48.68914031982422 2.3838136196136475),
310,48.689068,2.3827326,,,,,taxi,Taxi,POINT (48.68906784057617 2.382732629776001),
311,48.688995,2.3823314,,,,,taxi,Taxi,POINT (48.688995361328125 2.382331371307373),
312,48.79934,2.1837654,,,,,taxi,Taxi,POINT (48.799339294433594 2.183765411376953),
313,48.49371,2.1939852,,,,,taxi,Taxi,POINT (48.493709564208984 2.1939852237701416),
314,48.551304,2.1257472,,,,,taxi,Taxi,POINT (48.55130386352539 2.1257472038269043),
315,48.635735,2.3065288,,,,,taxi,Taxi,POINT (48.63573455810547 2.3065288066864014),
316,48.88701,2.1995313,,,,,taxi,Taxi,POINT (48.88700866699219 2.199531316757202),
317,48.606262,2.3023527,,,,,taxi,Taxi,POINT (48.60626220703125 2.3023526668548584),
318,48.564754,2.1710944,,,,,taxi,Taxi,POINT (48.564754486083984 2.1710944175720215),
319,49.04721,2.0956397,,,,,taxi,Taxi,POINT (49.047210693359375 2.095639705657959),
320,49.047253,2.0954368,,,,,taxi,Taxi,POINT (49.0472526550293 2.0954368114471436),
321,49.045254,2.1065063,,,,,taxi,Taxi,POINT (49.04525375366211 2.10650634765625),
322,49.007694,2.1976814,,,,,taxi,Taxi,POINT (49.007694244384766 2.197681427001953),
323,48.99297,2.2356756,,,,,taxi,Taxi,POINT (48.99296951293945 2.235675573348999),
324,48.890118,2.3035133,,,,,taxi,Taxi,POINT (48.89011764526367 2.303513288497925),
325,48.8429,2.5824668,,,,,taxi,Taxi,POINT (48.842899322509766 2.5824668407440186),
326,48.628456,2.5683305,,,,,taxi,Taxi,POINT (48.628456115722656 2.5683305263519287),
327,48.893112,2.413847,,8.0,,,taxi,Taxi,POINT (48.89311218261719 2.413846969604492),
328,48.898315,2.1223497,,,,,taxi,Taxi,POINT (48.8983154296875 2.122349739074707),
329,48.800945,2.4025352,,,,,taxi,Taxi,POINT (48.80094528198242 2.4025352001190186),
330,48.800575,2.4021027,,,,,taxi,Taxi,POINT (48.800575256347656 2.4021027088165283),
331,48.858444,2.3037808,,,,,taxi,Taxi,POINT (48.85844421386719 2.3037807941436768),
332,48.712803,2.4022608,,,,,taxi,Taxi,POINT (48.71280288696289 2.4022607803344727),
333,48.83687,2.2789464,,,,,taxi,Taxi,POINT (48.83686828613281 2.2789463996887207),
334,48.894127,2.3142807,,,,,taxi,Taxi,POINT (48.894126892089844 2.3142807483673096),
335,48.853043,2.3697722,Bastille,,,,taxi,Taxi,POINT (48.85304260253906 2.36977219581604),
336,48.871365,2.2778735,,,,,taxi,Taxi,POINT (48.87136459350586 2.2778735160827637),
337,48.47521,2.6921978,,,,,taxi,Taxi,POINT (48.4752082824707 2.692197799682617),
338,48.85788,2.2996724,,,,,taxi,Taxi,POINT (48.857879638671875 2.2996723651885986),
339,48.83976,2.6537719,,,,,taxi,Taxi,POINT (48.839759826660156 2.6537718772888184),
340,48.62519,2.4286444,,,,,taxi,Taxi,POINT (48.62519073486328 2.4286444187164307),
341,48.84201,2.3206427,,,,,taxi,Taxi,POINT (48.842010498046875 2.3206427097320557),
342,48.861504,2.3537195,Rambuteau,,,,taxi,Taxi,POINT (48.86150360107422 2.353719472885132),
343,48.804996,2.4858356,,,,,taxi,Taxi,POINT (48.804996490478516 2.485835552215576),
344,48.83774,2.3190641,,,,,taxi,Taxi,POINT (48.83774185180664 2.319064140319824),
345,48.680923,2.1936326,,3.0,,,taxi,Taxi,POINT (48.68092346191406 2.1936326026916504),
346,48.83958,2.3780954,,,,,taxi,Taxi,POINT (48.83958053588867 2.3780953884124756),
347,48.840023,2.378966,Bercy Palais Omnisports,,,,taxi,Taxi,POINT (48.840023040771484 2.3789660930633545),
348,48.827343,2.2783036,,,,,taxi,Taxi,POINT (48.82734298706055 2.278303623199463),
349,48.826267,2.3416395,Place Coluche - Amiral Mouchez,,,,taxi,Taxi,POINT (48.82626724243164 2.341639518737793),
350,48.878498,2.4032528,,,,,taxi,Taxi,POINT (48.87849807739258 2.4032528400421143),
351,48.88921,2.3939152,,,,,taxi,Taxi,POINT (48.88920974731445 2.3939151763916016),
352,48.881836,2.3529801,,,,,taxi,Taxi,POINT (48.8818359375 2.352980136871338),
353,48.839344,2.2751288,,,,,taxi,Taxi,POINT (48.8393440246582 2.2751288414001465),
354,48.84718,2.3109684,,,,,taxi,Taxi,POINT (48.8471794128418 2.3109683990478516),
355,48.83162,2.3303306,,,,,taxi,Taxi,POINT (48.83161926269531 2.3303306102752686),
356,48.879818,2.3215783,,,,,taxi,Taxi,POINT (48.879817962646484 2.32157826423645),
357,48.865288,2.3570294,,,,,taxi,Taxi,POINT (48.86528778076172 2.357029438018799),
358,48.87474,2.3049061,,,,,taxi,Taxi,POINT (48.87474060058594 2.304906129837036),
359,48.8701,2.3070512,,,,,taxi,Taxi,POINT (48.87009811401367 2.307051181793213),
360,48.87238,2.3379152,,,,,taxi,Taxi,POINT (48.872379302978516 2.3379151821136475),
361,48.895752,2.310699,,,,,taxi,Taxi,POINT (48.895751953125 2.310698986053467),
362,48.86873,2.298681,,,,,taxi,Taxi,POINT (48.86872863769531 2.2986810207366943),
363,48.87643,2.301549,,,,,taxi,Taxi,POINT (48.87643051147461 2.301548957824707),
364,48.992702,1.9127178,,,,,taxi,Taxi,POINT (48.99270248413086 1.9127178192138672),
365,48.84181,2.2218077,,7.0,,,taxi,Taxi,POINT (48.8418083190918 2.2218077182769775),
366,48.840424,2.22839,,,,,taxi,Taxi,POINT (48.840423583984375 2.2283899784088135),
367,48.65973,2.2425485,,,,,taxi,Taxi,POINT (48.65972900390625 2.2425484657287598),
368,48.82844,2.3151407,,,,,taxi,Taxi,POINT (48.82844161987305 2.315140724182129),
369,48.89153,2.2960055,Uber,,,,taxi,Taxi,POINT (48.89152908325195 2.2960054874420166),
370,48.874153,2.326351,,,,,taxi,Taxi,POINT (48.87415313720703 2.3263509273529053),
371,48.837143,2.296836,Convention - Vaugirard,,,,taxi,Taxi,POINT (48.83714294433594 2.2968358993530273),
372,48.874805,2.2956078,,,,,taxi,Taxi,POINT (48.87480545043945 2.295607805252075),
373,49.049747,2.5019224,,,,,taxi,Taxi,POINT (49.049747467041016 2.501922369003296),
374,48.745617,2.7289543,,,,,taxi,Taxi,POINT (48.7456169128418 2.728954315185547),
375,48.56451,2.5423937,,,,,taxi,Taxi,POINT (48.564510345458984 2.542393684387207),
376,48.88958,2.5119865,,,,,taxi,Taxi,POINT (48.88957977294922 2.511986494064331),
377,48.981148,1.9828827,,,,,taxi,Taxi,POINT (48.98114776611328 1.9828827381134033),
378,48.66705,2.5479224,,,,,taxi,Taxi,POINT (48.667049407958984 2.547922372817993),
379,48.843025,2.1386688,,5.0,,,taxi,Taxi,POINT (48.84302520751953 2.1386687755584717),
380,48.62332,2.4503186,,,,,taxi,Taxi,POINT (48.623321533203125 2.4503185749053955),
381,48.871334,2.221105,Gare de Suresnes - Mont Valérien,,,,taxi,Taxi,POINT (48.871334075927734 2.2211050987243652),
382,48.86111,2.1225815,Gare de Louveciennes,2.0,,,taxi,Taxi,POINT (48.86111068725586 2.1225814819335938),
383,49.099796,2.5249383,,,,,taxi,Taxi,POINT (49.099796295166016 2.5249383449554443),
384,48.570744,2.4329534,,,,,taxi,Taxi,POINT (48.570743560791016 2.432953357696533),
385,49.014168,2.0792036,,,,,taxi,Taxi,POINT (49.01416778564453 2.0792036056518555),
386,48.867977,2.2954876,,,,,taxi,Taxi,POINT (48.867977142333984 2.295487642288208),
387,48.871494,2.2934997,,,,,taxi,Taxi,POINT (48.87149429321289 2.293499708175659),
388,48.98913,2.0749724,,,,,taxi,Taxi,POINT (48.98912811279297 2.07497239112854),
389,49.036148,2.0801466,,,,,taxi,Taxi,POINT (49.03614807128906 2.080146551132202),
390,48.968704,2.1938932,,2.0,,,taxi,Taxi,POINT (48.96870422363281 2.1938931941986084),
391,48.997753,2.098938,,,,,taxi,Taxi,POINT (48.99775314331055 2.09893798828125),
392,48.99041,2.162388,,,,,taxi,Taxi,POINT (48.99040985107422 2.1623880863189697),
393,48.982002,2.0035906,,,,,taxi,Taxi,POINT (48.98200225830078 2.0035905838012695),
394,48.865906,2.2863972,,,,,taxi,Taxi,POINT (48.86590576171875 2.2863972187042236),
395,48.99213,1.9551057,,,,,taxi,Taxi,POINT (48.992130279541016 1.9551056623458862),
396,48.96291,1.8087872,,,,,taxi,Taxi,POINT (48.96290969848633 1.808787226676941),
397,48.962753,2.5117624,,,,,taxi,Taxi,POINT (48.96275329589844 2.5117623805999756),
398,48.885567,2.1562824,,,,,taxi,Taxi,POINT (48.88556671142578 2.156282424926758),
399,48.970215,2.2635584,,,,,taxi,Taxi,POINT (48.97021484375 2.2635583877563477),
400,48.861744,2.2859063,,,,,taxi,Taxi,POINT (48.86174392700195 2.2859063148498535),
401,48.997128,1.630552,,,,,taxi,Taxi,POINT (48.997127532958984 1.630552053451538),
402,48.881668,2.3583815,,,,,taxi,Taxi,POINT (48.88166809082031 2.358381509780884),
403,48.87968,2.3561594,,,,,taxi,Taxi,POINT (48.87968063354492 2.3561594486236572),
404,48.729076,2.3709576,,,,,taxi,Taxi,POINT (48.72907638549805 2.370957612991333),
405,48.90623,2.3216717,,,,,taxi,Taxi,POINT (48.90623092651367 2.321671724319458),
406,48.18196,2.7350576,,,,,taxi,Taxi,POINT (48.18196105957031 2.7350575923919678),
407,48.84563,2.2770715,,,,,taxi,Taxi,POINT (48.84563064575195 2.277071475982666),
408,49.00438,2.5781085,,,,,taxi,Taxi,POINT (49.00437927246094 2.578108549118042),
409,48.510536,2.6792815,,,,,taxi,Taxi,POINT (48.510536193847656 2.67928147315979),
410,49.045185,2.3226495,,,,,taxi,Taxi,POINT (49.04518508911133 2.3226494789123535),
411,49.022114,3.0315788,,,,,taxi,Taxi,POINT (49.02211380004883 3.031578779220581),
412,48.48732,2.6949492,,,,,taxi,Taxi,POINT (48.48731994628906 2.694949150085449),
413,48.8818,2.7040615,,,,,taxi,Taxi,POINT (48.88180160522461 2.704061508178711),
414,48.97377,3.2206614,,,,,taxi,Taxi,POINT (48.97377014160156 3.2206614017486572),
415,48.848305,2.264665,,,,,taxi,Taxi,POINT (48.848304748535156 2.264664888381958),
416,49.051052,2.056687,,,,,taxi,Taxi,POINT (49.05105209350586 2.056687116622925),
417,48.64465,2.8250954,,,,,taxi,Taxi,POINT (48.644649505615234 2.8250954151153564),
418,48.808018,3.0817387,,,,,taxi,Taxi,POINT (48.80801773071289 3.0817387104034424),
419,49.091934,3.0630164,,,,,taxi,Taxi,POINT (49.09193420410156 3.063016414642334),
420,48.83855,2.1870723,Gare de Garches - Marnes la Coquette,6.0,,,taxi,Taxi,POINT (48.83855056762695 2.187072277069092),
421,48.996353,2.0979595,Gare de Conflans-Sainte-Honorine,,,,taxi,Taxi,POINT (48.99635314941406 2.097959518432617),
422,48.920708,2.1852982,,,,,taxi,Taxi,POINT (48.92070770263672 2.185298204421997),
423,48.613346,2.8888085,,2.0,,,taxi,Taxi,POINT (48.613346099853516 2.888808488845825),
424,48.639103,2.2708364,,1.0,,,taxi,Taxi,POINT (48.639102935791016 2.270836353302002),
425,48.80951,2.134551,,,,,taxi,Taxi,POINT (48.80950927734375 2.1345510482788086),
426,48.415672,2.7268577,,6.0,,,taxi,Taxi,POINT (48.415672302246094 2.7268576622009277),
427,48.8265,1.7022214,,,,,taxi,Taxi,POINT (48.826499938964844 1.702221393585205),
428,48.795723,1.6027302,,,,,taxi,Taxi,POINT (48.79572296142578 1.60273015499115),
429,48.795593,1.6026706,,,,,taxi,Taxi,POINT (48.79559326171875 1.6026705503463745),
430,48.84047,2.3174882,Parking dépose-minute,,,,taxi,Taxi,POINT (48.84046936035156 2.317488193511963),
431,48.844254,2.2171085,Gare de Saint-Cloud,,,,taxi,Taxi,POINT (48.84425354003906 2.2171084880828857),
432,49.00518,2.6149151,Base arrière,,,,taxi,Taxi,POINT (49.00518035888672 2.614915132522583),
433,48.823963,2.5435228,,,,,taxi,Taxi,POINT (48.8239631652832 2.543522834777832),
434,48.544765,2.6526716,,,,,taxi,Taxi,POINT (48.54476547241211 2.6526715755462646),
435,48.883827,2.3318653,,,,,taxi,Taxi,POINT (48.883827209472656 2.3318653106689453),
436,48.93256,2.042003,,,,,taxi,Taxi,POINT (48.932559967041016 2.0420029163360596),
437,48.857994,2.4362776,,,,,taxi,Taxi,POINT (48.857994079589844 2.4362776279449463),
438,48.872284,2.3773868,,5.0,,,taxi,Taxi,POINT (48.872283935546875 2.3773868083953857),
439,48.8455,2.4293344,,,,,taxi,Taxi,POINT (48.84550094604492 2.4293344020843506),
440,48.527916,2.654759,,,,,taxi,Taxi,POINT (48.527915954589844 2.654758930206299),
